Diameter,Average
0,25.5,0.8800000000000001
1,32.0,18.419999999999998
2,41.2,156.2
3,43.5,214.0
4,45.9,217.0
