Diameter,Average
25.5,0.8800000000000001
32.0,18.419999999999998
41.2,156.2
43.5,214.0
45.9,217.0
