,Diameter,Trial 1,Trial 2,Trial 3,Trial 4,Trial 5
0,32.0,0.36,0.37,0.364,0.38,0.368
1,36.1,1.44,1.442,1.4380000000000002,1.4440000000000002,1.42
2,38.5,2.444,2.438,2.4419999999999997,2.44,2.44
3,41.2,3.08,3.06,3.1,3.18,3.2
4,43.5,4.2,4.24,4.28,4.32,4.36
